Hash,Covered Lines,Total Lines
a37caaa,0,0
f892043,2,2
84af283,9,9
07a7276,17,17
f3e946b,38,40
7499aab,44,46
048fd53,37,39
8aecd3b,39,40
3ad8e36,39,40
68ea437,40,41
c7131bb,39,40
0303781,39,40
106f44b,77,79
4256a8c,82,84
b069952,82,84
9647880,82,84
6dfd016,96,99
43d919d,78,80
965f121,76,78
f6c84ad,89,92
dfd37f7,108,110
b1a40b5,109,111
0a3b747,152,154
20075a3,124,124
dd126eb,133,133
1921ff1,135,135
ea60608,144,144
7b145fb,153,153
77fc2d4,153,153
b30619b,153,153
0eeaff9,182,182
b0639ca,185,185
981e93e,184,184
817b2bf,184,184
bd87a75,177,177
9d13624,177,177
cdf768f,177,177
7b2e603,177,177
199b2a7,177,177
306d656,177,177
1bfbcf6,181,181
354bc4a,187,187
f36d6c4,187,187
01531ae,187,187
e091f5f,187,187
83d6f4d,187,187
bf49f79,187,187
